weekstart,country,pred,actual,email_spend_eur,ppc_non_brand_spend_eur,ppc_brand_spend_eur,shop_other_spend_eur,trivago_spend_eur,tripadvisor_spend_eur,googleha_spend_eur,remarketing_spend_eur,display_spend_eur,yt_spend_eur,fb_spend_eur,olv_spend_eur,brandtv_spend_eur,drtv_spend_eur,ooh_spend_eur,radio_spend_eur,print_spend_eur,cinema_spend_eur,baseline
2016-01-04,gb,592892.8923427389,614875.0,0.0,581014.0045105813,196110.1437331742,454581.1543672957,0.0,352006.1757823103,0.0,248232.9633901852,0.0,0.0,0.0,0.0,0.0,0.0,0.0,0.0,0.0,1837.0964062783169,0.0
2016-01-11,gb,582444.2633579731,581537.0,0.0,570732.8770509011,193345.0225572947,445490.01539729297,0.0,343796.26917812874,0.0,247953.6866964753,0.0,0.0,0.0,0.0,0.0,0.0,0.0,0.0,0.0,1723.1801260737702,0.0
2016-01-18,gb,589753.5458660697,572996.0,0.0,577972.0107524341,196218.95167077967,451790.5017440381,0.0,346955.90198170824,0.0,252270.05330362974,0.0,0.0,0.0,0.0,0.0,0.0,0.0,0.0,0.0,0.0,0.0
2016-01-25,gb,596943.4988999744,578357.0,0.0,584981.9558973658,198635.18176995683,458677.12751543836,0.0,350864.786594047,0.0,256782.5167817775,0.0,0.0,0.0,0.0,0.0,0.0,0.0,0.0,0.0,0.0,0.0
2016-02-01,gb,575454.5634451185,574233.0,0.0,563775.9382403699,189901.3659898945,441098.9259647913,0.0,335676.07686712214,0.0,249886.3617697794,0.0,0.0,0.0,0.0,0.0,0.0,0.0,0.0,0.0,0.0,0.0
2016-02-08,gb,542241.1344887844,565438.0,0.0,531118.413888262,178073.10412395798,414417.6378521161,0.0,314858.1683924177,0.0,234009.6935064944,0.0,0.0,0.0,0.0,0.0,0.0,0.0,0.0,0.0,0.0,0.0
2016-02-15,gb,549444.475121973,562017.0,0.0,538173.7409679692,180525.7862123751,421561.412509262,0.0,321190.9398992135,0.0,236405.28381500713,0.0,0.0,0.0,0.0,0.0,0.0,0.0,0.0,0.0,0.0,0.0
2016-02-22,gb,558886.1536568269,549249.0,0.0,547203.014214919,183821.806789701,429588.84449502005,0.0,324106.21353967267,0.0,238895.17425654945,0.0,0.0,0.0,0.0,0.0,0.0,0.0,0.0,0.0,0.0,0.0
2016-02-29,gb,549647.4536705986,560397.0,0.0,538096.630574806,179934.45849686948,424055.6802389904,0.0,319758.5743387637,0.0,236536.6921543919,0.0,0.0,0.0,0.0,0.0,0.0,0.0,0.0,0.0,0.0,0.0
2016-03-07,gb,563178.6899133446,561915.0,0.0,551391.8670635015,184085.846670512,437204.93642762274,0.0,329627.9925722577,0.0,237419.9759039015,0.0,0.0,0.0,0.0,0.0,0.0,0.0,0.0,0.0,1483.2571209527086,0.0
2016-03-14,gb,555575.330528861,558021.0,0.0,543857.7578966095,181287.2529083906,430919.96891189093,0.0,326367.52412217384,0.0,234092.71641061368,0.0,0.0,0.0,0.0,0.0,0.0,0.0,0.0,0.0,1588.942461907398,0.0
2016-03-21,gb,529050.8013970706,520069.0,0.0,517711.1483962437,171943.79958812596,408651.6070402906,0.0,309325.8246076915,0.0,225318.00860220043,0.0,0.0,0.0,0.0,0.0,0.0,0.0,0.0,0.0,1513.0825875684386,0.0
2016-03-28,gb,556316.6792979029,558155.0,0.0,544696.9678174349,180470.30844203942,427635.9572971517,0.0,328017.4933021161,0.0,235404.75894453732,0.0,0.0,0.0,0.0,0.0,0.0,0.0,0.0,0.0,1591.0627115885727,0.0
2016-04-04,gb,574203.3927732788,563756.0,0.0,562223.3722176272,187480.99853762402,441518.8797086987,0.0,338045.91374449455,0.0,242199.56204330304,0.0,0.0,0.0,0.0,0.0,0.0,0.0,0.0,0.0,1588.421548724291,0.0
2016-04-11,gb,561855.6464603246,564120.0,0.0,550098.4661680276,184254.55065130512,431632.2990822404,0.0,328400.4905987357,0.0,237735.70889527793,0.0,0.0,0.0,0.0,0.0,0.0,0.0,0.0,0.0,0.0,0.0
2016-04-18,gb,563811.8428795487,555879.0,0.0,552009.0782693052,184145.11451596528,433492.67565663886,0.0,330605.57850953535,0.0,239389.95018399385,0.0,0.0,0.0,0.0,0.0,0.0,0.0,0.0,0.0,0.0,0.0
2016-04-25,gb,550093.1842795108,566931.0,0.0,538572.9796050752,178568.6568089432,424048.92818704527,0.0,322906.9992595894,0.0,234726.16496563063,0.0,0.0,0.0,0.0,0.0,0.0,0.0,0.0,0.0,0.0,0.0
2016-05-02,gb,547765.3051552433,548211.0,0.0,536203.4650766188,177399.20383363223,422350.4804236161,0.0,322246.6347891271,0.0,234483.64568131982,0.0,0.0,0.0,0.0,0.0,0.0,0.0,0.0,0.0,0.0,0.0
2016-05-09,gb,574378.6233961153,578782.0,0.0,562372.0960164889,189457.29839546967,443669.99608771433,0.0,338002.58661354036,0.0,245577.2803878311,0.0,0.0,0.0,0.0,0.0,0.0,0.0,0.0,0.0,0.0,0.0
2016-05-16,gb,593455.7517156929,602811.0,0.0,581272.9160427747,197221.49697357533,460217.44986501645,0.0,348729.57668179803,0.0,255362.7613267125,0.0,0.0,0.0,0.0,0.0,0.0,0.0,0.0,0.0,0.0,0.0
2016-05-23,gb,585909.6381540761,575145.0,0.0,573839.2151292833,194336.62483898434,452275.29675561015,0.0,342383.28861032927,0.0,253837.0049651842,0.0,0.0,0.0,0.0,0.0,0.0,0.0,0.0,0.0,0.0,0.0
2016-05-30,gb,608163.110324231,589032.0,0.0,595597.2568455212,200590.91463736608,468784.17506646167,0.0,358234.134825069,0.0,265278.1268409744,0.0,0.0,0.0,0.0,0.0,0.0,0.0,0.0,0.0,0.0,0.0
2016-06-06,gb,584781.8026987651,582651.0,0.0,572693.0364800277,192561.10393324122,450667.9711668165,0.0,343169.8642579126,0.0,254020.4835492705,0.0,0.0,0.0,0.0,0.0,0.0,0.0,0.0,0.0,1108.783775976277,0.0
2016-06-13,gb,583772.0871837614,577074.0,0.0,571776.3634187941,192317.00718820136,449918.89660465124,0.0,342687.90190774284,0.0,250786.38826887886,0.0,0.0,0.0,0.0,0.0,0.0,0.0,0.0,0.0,1238.98746303597,0.0
2016-06-20,gb,566472.7780530199,564666.0,0.0,554714.7672490117,185966.7303022188,436111.4647121543,0.0,330080.5717780788,0.0,240581.34856563952,0.0,0.0,0.0,0.0,0.0,0.0,0.0,0.0,0.0,1202.2717808586312,0.0
2016-06-27,gb,594867.5279404693,589960.0,0.0,582741.7858296593,195275.98853620986,458871.6981200418,0.0,348293.10168462835,0.0,256919.091366989,0.0,0.0,0.0,0.0,0.0,0.0,0.0,0.0,0.0,1262.5361882105935,0.0
2016-07-04,gb,615958.013181064,625165.0,0.0,603448.2449675846,204144.1626504616,475287.96952728846,0.0,360736.62117885135,0.0,267031.1213724086,0.0,0.0,0.0,0.0,0.0,0.0,0.0,0.0,0.0,1297.16418594704,0.0
2016-07-11,gb,591532.6030379661,618853.0,0.0,579380.5943637821,194707.57864020264,455954.7014901396,0.0,346486.4406311796,0.0,256355.9110999449,0.0,0.0,0.0,0.0,0.0,0.0,0.0,0.0,0.0,0.0,0.0
2016-07-18,gb,583322.7514483844,609837.0,0.0,571275.0634083898,194526.54284150747,448168.6707691094,0.0,340472.6868320715,0.0,251590.07504628983,0.0,0.0,0.0,0.0,0.0,0.0,0.0,0.0,0.0,0.0,0.0
2016-07-25,gb,639124.8116739416,648698.0,0.0,626172.813058842,220675.37850078318,491487.8116738044,0.0,374108.370039122,0.0,276555.41643039754,0.0,0.0,0.0,0.0,0.0,0.0,0.0,0.0,0.0,0.0,0.0
2016-08-01,gb,618381.1741479235,647007.0,0.0,605768.0426857979,214914.64053780696,473932.53257886984,0.0,359058.78967976785,0.0,266015.7215118755,0.0,0.0,0.0,0.0,0.0,0.0,0.0,0.0,0.0,0.0,0.0
2016-08-08,gb,609192.3390139316,625065.0,0.0,596611.2146115233,212002.74056497868,465816.66173243884,0.0,351905.2607031526,0.0,260691.50390310545,0.0,0.0,0.0,0.0,0.0,0.0,0.0,0.0,0.0,0.0,0.0
2016-08-15,gb,601832.8124248339,616606.0,0.0,589142.7874164847,203231.3902744181,460607.1284611589,0.0,349685.60452825576,0.0,258128.32960511092,0.0,0.0,0.0,0.0,0.0,0.0,0.0,0.0,0.0,0.0,0.0
2016-08-22,gb,619975.9662518325,606387.0,0.0,606975.5667324959,211012.59042518103,475477.79791123245,0.0,358319.257925733,0.0,264735.31275157846,0.0,0.0,0.0,0.0,0.0,0.0,0.0,0.0,0.0,0.0,0.0
2016-08-29,gb,616013.5808252937,616918.0,0.0,602742.4782351156,210706.42576451786,472485.57564725075,0.0,355838.57689088525,0.0,263836.99683621776,0.0,0.0,0.0,0.0,0.0,0.0,0.0,0.0,0.0,0.0,0.0
2016-09-05,gb,620202.2358034858,612230.0,0.0,606641.2469906828,213285.70385308127,475184.23452416237,0.0,358911.43108927435,0.0,264137.16591497243,0.0,0.0,0.0,0.0,0.0,0.0,0.0,0.0,0.0,0.0,0.0
2016-09-12,gb,602343.6657351945,592272.0,0.0,589152.6951420859,204228.28460417298,460484.73143374687,0.0,347422.2120170767,0.0,254469.5309813972,0.0,0.0,0.0,0.0,0.0,0.0,0.0,0.0,0.0,0.0,0.0
2016-09-19,gb,601781.9229101501,592220.0,0.0,588550.4841563673,201494.51142685697,459683.3538723743,0.0,346711.9711434828,0.0,253433.95584143128,0.0,0.0,0.0,0.0,0.0,0.0,0.0,0.0,0.0,0.0,0.0
2016-09-26,gb,589998.314498922,588250.0,0.0,576930.997312787,197165.95000544994,450237.0867087097,0.0,337989.607950756,0.0,249877.3488255986,0.0,0.0,0.0,0.0,0.0,0.0,0.0,0.0,0.0,0.0,0.0
2016-10-03,gb,603167.0770058458,605180.0,0.0,589636.6277629556,198385.25751817093,458991.42985627585,0.0,348351.5747099456,0.0,256839.2018259655,0.0,0.0,0.0,0.0,0.0,0.0,0.0,0.0,0.0,0.0,0.0
2016-10-10,gb,594959.5370927019,591072.0,0.0,581627.1567598516,193097.7234454024,451883.748396872,0.0,341424.49209568906,0.0,252415.21728848107,0.0,0.0,0.0,0.0,0.0,0.0,0.0,0.0,0.0,0.0,0.0
2016-10-17,gb,570923.7367043945,577945.0,0.0,558012.2746868171,183276.38901596214,432073.5704413508,0.0,326654.6738757045,0.0,238894.39695252682,0.0,0.0,0.0,0.0,0.0,0.0,0.0,0.0,0.0,0.0,0.0
2016-10-24,gb,553415.9278678977,562078.0,0.0,540778.5515240264,176511.18691909924,419133.8569657231,0.0,314608.91007847077,0.0,228272.8463574074,0.0,0.0,0.0,0.0,0.0,0.0,0.0,0.0,0.0,0.0,0.0
2016-10-31,gb,533380.5221067487,569801.0,0.0,521018.00269937055,169881.61837203958,404106.5916914085,0.0,303096.63552846096,0.0,217467.45149713062,0.0,0.0,0.0,0.0,0.0,0.0,0.0,0.0,0.0,0.0,0.0
2016-11-07,gb,543002.7684612237,551733.0,0.0,530613.7498857852,173647.8401728801,412792.535014283,0.0,308086.7804264421,0.0,221174.64788970328,0.0,0.0,0.0,0.0,0.0,0.0,0.0,0.0,0.0,0.0,0.0
2016-11-14,gb,543852.9026631841,542042.0,0.0,531487.1614989017,174161.67463986774,412412.3188041309,0.0,307724.84009257297,0.0,220917.50928557076,0.0,0.0,0.0,0.0,0.0,0.0,0.0,0.0,0.0,0.0,0.0
2016-11-21,gb,524779.6360580495,516516.0,0.0,512710.2344900055,166714.1072859993,397418.99131090683,0.0,294708.731905589,0.0,210008.30646891834,0.0,0.0,0.0,0.0,0.0,0.0,0.0,0.0,0.0,0.0,0.0
2016-11-28,gb,495357.2935541561,501957.0,0.0,483780.1151331843,158260.73098007846,373178.3055366697,0.0,276632.56399293535,0.0,199187.47222377663,0.0,0.0,0.0,0.0,0.0,0.0,0.0,0.0,0.0,0.0,0.0
2016-12-05,gb,502786.76395652007,482862.0,0.0,491040.16957882134,162146.25556770392,377823.7475656732,0.0,279605.79770117614,0.0,203760.2364944332,0.0,0.0,0.0,0.0,0.0,0.0,0.0,0.0,0.0,0.0,0.0
2016-12-12,gb,493942.3927438596,451125.0,0.0,482130.95754358236,153708.8248200628,371052.73044772923,0.0,275458.0863964426,0.0,202580.09887646587,0.0,0.0,0.0,0.0,0.0,0.0,0.0,0.0,0.0,0.0,0.0
2016-12-19,gb,400942.58233755524,374712.0,0.0,391066.1930685075,122904.54253161472,299967.94603009865,0.0,222712.29909130093,0.0,164405.30697841517,0.0,0.0,0.0,0.0,0.0,0.0,0.0,0.0,0.0,0.0,0.0
2016-12-26,gb,525160.1606365165,490803.0,0.0,513807.79431076563,165082.4401274828,398813.77912713273,0.0,299751.6366137184,0.0,218125.08331681124,0.0,0.0,0.0,0.0,0.0,0.0,0.0,0.0,0.0,0.0,0.0
2017-01-02,gb,749763.0553131424,777596.0,0.0,734854.3065673164,241495.98677094962,577558.6039338917,0.0,440141.26031398313,0.0,319272.0604093178,0.0,0.0,0.0,0.0,0.0,0.0,0.0,0.0,0.0,0.0,0.0
2017-01-09,gb,756141.6839997699,784210.0,0.0,741033.3514326032,244730.2570271382,583696.0045680094,0.0,444486.144735387,0.0,323052.77638821525,0.0,0.0,0.0,0.0,0.0,0.0,0.0,0.0,0.0,0.0,0.0
2017-01-16,gb,722281.62704396,736926.0,0.0,707511.6464620266,233524.52469793853,556924.9418097469,0.0,422277.65808833006,0.0,308237.24696101126,0.0,0.0,0.0,0.0,0.0,0.0,0.0,0.0,0.0,0.0,0.0
2017-01-23,gb,717367.3000843005,723814.0,0.0,702495.773016346,233655.88362006622,551224.326332256,0.0,415881.63334406674,0.0,307096.0992622091,0.0,0.0,0.0,0.0,0.0,0.0,0.0,0.0,0.0,0.0,0.0
2017-01-30,gb,728151.1866204573,736297.0,0.0,713209.3312230727,237367.31329570286,559854.3897125643,0.0,423396.94355292583,0.0,312299.101225696,0.0,0.0,0.0,0.0,0.0,0.0,0.0,0.0,0.0,0.0,0.0
2017-02-06,gb,718563.4082493485,707506.0,0.0,703565.4235419843,233224.46285442362,552608.3167841483,0.0,417929.899853641,0.0,309198.36935062794,0.0,0.0,0.0,0.0,0.0,0.0,0.0,0.0,0.0,0.0,0.0
2017-02-13,gb,692203.2121017014,673696.0,0.0,677609.7340313654,222972.6781336862,531613.4304860381,0.0,400642.3436553669,0.0,299952.99838095973,0.0,0.0,0.0,0.0,0.0,0.0,0.0,0.0,0.0,0.0,0.0
2017-02-20,gb,687930.4884058408,683536.0,0.0,673546.4818899836,222931.6969731272,529006.8800066523,0.0,398953.24544640305,0.0,300422.1342760052,0.0,0.0,0.0,0.0,0.0,0.0,0.0,0.0,0.0,0.0,0.0
2017-02-27,gb,723635.5970412749,703694.0,0.0,708588.1929999307,235634.33163058787,555456.1584750712,0.0,420021.0278313424,0.0,318328.6333249529,0.0,0.0,0.0,0.0,0.0,0.0,0.0,0.0,0.0,0.0,0.0
2017-03-06,gb,723273.6436496748,705943.0,0.0,708153.6961589032,235844.80965987418,556146.386677383,0.0,418968.16650912404,0.0,320745.69608235173,0.0,0.0,0.0,0.0,0.0,0.0,0.0,0.0,0.0,0.0,0.0
2017-03-13,gb,706846.9075732396,689367.0,0.0,691890.6088757197,233286.44912400818,542830.6801522927,0.0,408957.0141881209,0.0,314112.1320216769,0.0,0.0,0.0,0.0,0.0,0.0,0.0,0.0,0.0,0.0,0.0
2017-03-20,gb,678825.7267362075,653596.0,0.0,664288.3050760741,220631.1379426082,518641.45381372276,0.0,389238.782055691,0.0,299796.96176482906,0.0,0.0,0.0,0.0,0.0,0.0,0.0,0.0,0.0,0.0,0.0
2017-03-27,gb,692562.1522221718,698518.0,0.0,677981.373515017,226953.04826494958,532266.8416613704,0.0,395556.08864504605,0.0,302857.81712599227,0.0,0.0,0.0,0.0,0.0,0.0,0.0,0.0,0.0,0.0,0.0
2017-04-03,gb,679730.5136680503,680607.0,0.0,665418.4062526033,222415.41524073848,519262.25962415274,0.0,390459.4700485998,0.0,291459.8261314177,0.0,0.0,0.0,0.0,0.0,0.0,0.0,0.0,0.0,0.0,0.0
2017-04-10,gb,664186.0913564175,648659.0,0.0,650167.9379605278,214947.585072989,506013.32203826495,0.0,383293.69165516004,0.0,285782.5709547533,0.0,0.0,0.0,0.0,0.0,0.0,0.0,0.0,0.0,0.0,0.0
2017-04-17,gb,683432.039573709,671289.0,0.0,669005.0137973217,220703.65169439587,520770.7221574382,0.0,393881.1309002272,0.0,296223.1608069243,0.0,0.0,0.0,0.0,0.0,0.0,0.0,0.0,0.0,0.0,0.0
2017-04-24,gb,675707.5521892218,689112.0,0.0,661470.0942260368,217931.2358066031,516152.76516643725,0.0,389466.0193687175,0.0,291495.79018661956,0.0,0.0,0.0,0.0,0.0,0.0,0.0,0.0,0.0,0.0,0.0
2017-05-01,gb,702603.7079917332,694766.0,0.0,687873.9552196923,225985.7850317505,539338.3700251075,0.0,408172.40491054853,0.0,302412.62171426765,0.0,0.0,0.0,0.0,0.0,0.0,0.0,0.0,0.0,0.0,0.0
2017-05-08,gb,692779.1488587394,692717.0,0.0,678477.1551689821,224741.5646623898,530881.214656065,0.0,401400.194560571,0.0,296761.1728313905,0.0,0.0,0.0,0.0,0.0,0.0,0.0,0.0,0.0,0.0,0.0
2017-05-15,gb,718597.7339580515,715028.0,0.0,704003.9586612934,232105.71573313687,552361.5872298495,0.0,417653.3855581505,0.0,312554.2101259941,0.0,0.0,0.0,0.0,0.0,0.0,0.0,0.0,0.0,0.0,0.0
2017-05-22,gb,635594.2024152521,628504.0,0.0,622253.2613853891,202113.02743310103,485974.62601240247,0.0,367228.2097939268,0.0,273957.3655487828,0.0,0.0,0.0,0.0,0.0,0.0,0.0,0.0,0.0,0.0,0.0
2017-05-29,gb,704108.8859293466,686528.0,0.0,689448.7855831026,226389.2101817708,537976.1676995277,0.0,408978.2930529777,0.0,306433.3528514468,0.0,0.0,0.0,0.0,0.0,0.0,0.0,0.0,0.0,0.0,0.0
2017-06-05,gb,697793.792062315,685068.0,0.0,683125.0933957989,226881.13682663586,533355.9639324388,0.0,402639.9652143301,0.0,301315.7651170422,0.0,0.0,0.0,0.0,0.0,0.0,0.0,0.0,0.0,0.0,0.0
2017-06-12,gb,679898.2409613237,671096.0,0.0,665630.1913321739,220786.48757335736,519880.6936838584,0.0,391972.871683864,0.0,291551.98441923544,0.0,0.0,0.0,0.0,0.0,0.0,0.0,0.0,0.0,0.0,0.0
2017-06-19,gb,726670.0605977898,700652.0,0.0,711566.6798064241,236126.34973549808,558578.5521284159,0.0,422334.8195302313,0.0,311851.3958758587,0.0,0.0,0.0,0.0,0.0,0.0,0.0,0.0,0.0,0.0,0.0
2017-06-26,gb,761611.5299710414,737627.0,0.0,746237.1772106998,247931.14785227407,587303.2310037038,0.0,444916.5340263004,0.0,328482.7860284535,0.0,0.0,0.0,0.0,0.0,0.0,0.0,0.0,0.0,0.0,0.0
2017-07-03,gb,763889.5467761457,756363.0,0.0,748500.161762713,248273.4328458421,586910.4915116115,0.0,443959.71649556013,0.0,332633.29631831276,0.0,0.0,0.0,0.0,0.0,0.0,0.0,0.0,0.0,0.0,0.0
2017-07-10,gb,761264.6060862924,766402.0,0.0,745949.0176113843,247740.7127275839,586468.1083116931,0.0,442190.64297646977,0.0,328807.30980309064,0.0,0.0,0.0,0.0,0.0,0.0,0.0,0.0,0.0,0.0,0.0
2017-07-17,gb,769101.2351181983,753475.0,0.0,753586.8571373151,250579.6693631101,593952.2282328284,0.0,444905.98160125234,0.0,334503.7725798985,0.0,0.0,0.0,0.0,0.0,0.0,0.0,0.0,0.0,0.0,0.0
2017-07-24,gb,772080.4687972066,758462.0,0.0,756346.6423670627,250988.56409554777,597738.263116017,0.0,446175.55485576385,0.0,335724.4248325141,0.0,0.0,0.0,0.0,0.0,0.0,0.0,0.0,0.0,0.0,0.0
2017-07-31,gb,763060.8390875055,770203.0,0.0,747038.6615270155,247831.311485112,593942.5075829698,0.0,438912.3883233316,0.0,330717.405934274,0.0,0.0,0.0,0.0,0.0,0.0,0.0,0.0,0.0,0.0,0.0
2017-08-07,gb,736266.0449217571,742007.0,0.0,720446.2792654551,237991.5329771234,568600.1654158926,0.0,422578.34254110354,0.0,318982.7597628436,0.0,0.0,0.0,0.0,0.0,0.0,0.0,0.0,0.0,0.0,0.0
2017-08-14,gb,744153.5896236862,748065.0,0.0,728349.0683808108,239657.9744631279,571244.4544618035,0.0,427549.874143892,0.0,324831.5044947268,0.0,0.0,0.0,0.0,0.0,0.0,0.0,0.0,0.0,0.0,0.0
2017-08-21,gb,714798.7626954365,719213.0,0.0,699385.271426224,228436.3111315841,545598.0478668488,0.0,407587.5682227678,0.0,308973.69439922203,0.0,0.0,0.0,0.0,0.0,0.0,0.0,0.0,0.0,0.0,0.0
2017-08-28,gb,721895.8397917191,721311.0,0.0,705928.2639609041,228282.04080145626,550374.4443512629,0.0,410120.49891397374,0.0,311901.47274439636,0.0,0.0,0.0,0.0,0.0,0.0,0.0,0.0,0.0,0.0,0.0
2017-09-04,gb,698649.0178834107,725727.0,0.0,682879.1961385111,221741.08885580924,532559.4703486105,0.0,397360.50681032595,0.0,303136.0314606202,0.0,0.0,0.0,0.0,0.0,0.0,0.0,0.0,0.0,0.0,0.0
2017-09-11,gb,684373.0281826452,701574.0,0.0,668717.9693052497,219113.0482815985,520233.09053949115,0.0,387928.3173284875,0.0,299161.24307858746,0.0,0.0,0.0,0.0,0.0,0.0,0.0,0.0,0.0,0.0,0.0
2017-09-18,gb,674338.2818774943,698432.0,0.0,658910.0684447269,212862.70997307025,513236.96411288326,0.0,381988.8826867367,0.0,294631.2476538556,0.0,0.0,0.0,0.0,0.0,0.0,0.0,0.0,0.0,0.0,0.0
2017-09-25,gb,706809.3685971352,715245.0,0.0,690825.3422187014,223011.81967756536,539929.6487394501,0.0,400772.31306029606,0.0,309970.1257518828,0.0,0.0,0.0,0.0,0.0,0.0,0.0,0.0,0.0,0.0,0.0
2017-10-02,gb,708795.030762756,707879.0,0.0,692855.161981444,225332.80524189566,540484.5888644905,0.0,400127.51745733136,0.0,309994.865075859,0.0,0.0,0.0,0.0,0.0,0.0,0.0,0.0,0.0,0.0,0.0
2017-10-09,gb,728630.2701584435,703311.0,0.0,712430.6247470239,232235.54464034154,556155.9028570764,0.0,409990.99387010763,0.0,318323.74747691076,0.0,0.0,0.0,0.0,0.0,0.0,0.0,0.0,0.0,0.0,0.0
2017-10-16,gb,702597.5842399101,694068.0,0.0,686614.1412907029,220718.88914430083,534967.3621117899,0.0,395684.80674170103,0.0,306123.54931024247,0.0,0.0,0.0,0.0,0.0,0.0,0.0,0.0,0.0,0.0,0.0
2017-10-23,gb,681543.7122446189,657861.0,0.0,665605.478904016,214286.05315061897,517898.0825170863,0.0,384098.8614657931,0.0,293878.5915863337,0.0,0.0,0.0,0.0,0.0,0.0,0.0,0.0,0.0,0.0,0.0
2017-10-30,gb,642865.9685698235,645862.0,0.0,627403.8840950483,202334.81199212483,486197.25150214066,0.0,360456.0073653491,0.0,277038.8332588261,0.0,0.0,0.0,0.0,0.0,0.0,0.0,0.0,0.0,0.0,0.0
2017-11-06,gb,643305.8399972129,649531.0,0.0,627760.3717839126,202618.23323766707,486399.88434385846,0.0,360567.29305415903,0.0,276713.51570860937,0.0,0.0,0.0,0.0,0.0,0.0,0.0,0.0,0.0,0.0,0.0
2017-11-13,gb,631087.3804365261,636755.0,0.0,615716.8053913543,198323.407827425,475179.73432915437,0.0,351390.11384906276,0.0,270011.70308202115,0.0,0.0,0.0,0.0,0.0,0.0,0.0,0.0,0.0,0.0,0.0
2017-11-20,gb,611390.4054671967,622238.0,0.0,596414.6924822931,191041.8480515408,460198.8602668799,0.0,339997.97439570585,0.0,259544.19497243623,0.0,0.0,0.0,0.0,0.0,0.0,0.0,0.0,0.0,0.0,0.0
2017-11-27,gb,566765.7248414444,584438.0,0.0,552716.4500360626,174415.28915052896,423057.32321093546,0.0,312490.752958904,0.0,240842.66429297556,0.0,0.0,0.0,0.0,0.0,0.0,0.0,0.0,0.0,0.0,0.0
2017-12-04,gb,560984.2673573846,547042.0,0.0,546904.4450378489,174194.8987112813,416748.5297942776,0.0,308409.90242047654,0.0,237443.29808426584,0.0,0.0,0.0,0.0,0.0,0.0,0.0,0.0,0.0,0.0,0.0
2017-12-11,gb,491574.8389746378,503538.0,0.0,478939.4113474684,150002.79170522542,363183.1492170175,0.0,266846.216754655,0.0,205512.6243829007,0.0,0.0,0.0,0.0,0.0,0.0,0.0,0.0,0.0,0.0,0.0
2017-12-18,gb,428951.55092922034,444654.0,0.0,417620.30026359257,129015.38711778849,316511.5413047142,0.0,231925.24275602913,0.0,177494.86812951905,0.0,0.0,0.0,0.0,0.0,0.0,0.0,0.0,0.0,0.0,0.0
2017-12-25,gb,498169.07506254246,520800.0,0.0,486296.4834247479,152096.64159380773,374194.54999782075,0.0,277948.55901034095,0.0,209133.06648276612,0.0,0.0,0.0,0.0,0.0,0.0,0.0,0.0,0.0,0.0,0.0
2018-01-01,gb,767500.516721733,821227.0,0.0,751131.8640398468,241863.41078460927,587106.5828970802,0.0,439482.46195009456,0.0,334531.73665691365,0.0,0.0,0.0,0.0,0.0,0.0,0.0,0.0,0.0,0.0,0.0
2018-01-08,gb,847282.2666537687,860071.0,0.0,829485.9774667944,269410.50942797284,650816.8124614661,0.0,485698.73050701973,0.0,370711.3176071387,0.0,0.0,0.0,0.0,0.0,0.0,0.0,0.0,0.0,0.0,0.0
2018-01-15,gb,817935.6634957758,825127.0,0.0,801022.6514553643,260013.622394391,626641.7711976466,0.0,467286.94751457346,0.0,355845.4392805849,0.0,0.0,0.0,0.0,0.0,0.0,0.0,0.0,0.0,0.0,0.0
2018-01-22,gb,824556.9492815484,812880.0,0.0,807573.2070639387,262779.9104332997,630317.6151432034,0.0,470758.74454965995,0.0,356363.9894356857,0.0,0.0,0.0,0.0,0.0,0.0,0.0,0.0,0.0,0.0,0.0
2018-01-29,gb,791516.1943242929,804155.0,0.0,774558.7066785967,253527.49617445876,604604.3800332933,0.0,451164.628782447,0.0,339677.8626389794,0.0,0.0,0.0,0.0,0.0,0.0,0.0,0.0,0.0,0.0,0.0
2018-02-05,gb,774937.125625311,763388.0,0.0,758438.7087733229,246313.68707357137,589076.7566804385,0.0,440642.1965834222,0.0,330641.07836934034,0.0,0.0,0.0,0.0,0.0,0.0,0.0,0.0,0.0,0.0,0.0
2018-02-12,gb,739324.5892189045,728471.0,0.0,723438.1378735492,234004.2197102926,562054.8013944493,0.0,420902.0125677812,0.0,311184.9230873468,0.0,0.0,0.0,0.0,0.0,0.0,0.0,0.0,0.0,0.0,0.0
2018-02-19,gb,734739.3734916073,722921.0,0.0,719115.5075567923,231508.74565730063,563227.888020583,0.0,418016.1195854595,0.0,309170.0731133194,0.0,0.0,0.0,0.0,0.0,0.0,0.0,0.0,0.0,0.0,0.0
2018-02-26,gb,734215.6875741469,737783.0,0.0,717870.9304973427,231217.7499709105,563823.750833557,0.0,414316.38669712556,0.0,307868.31871034537,0.0,0.0,0.0,0.0,0.0,0.0,0.0,0.0,0.0,0.0,0.0
2018-03-05,gb,697766.3378740698,706131.0,0.0,681712.3301399638,219941.7970101635,533889.9195434217,0.0,393578.16051712004,0.0,291128.93835718406,0.0,0.0,0.0,0.0,0.0,0.0,0.0,0.0,0.0,0.0,0.0
2018-03-12,gb,710177.0904369943,741685.0,0.0,693914.5448429491,226731.737219001,540987.687856433,0.0,403941.7672912065,0.0,298677.02196824824,0.0,0.0,0.0,0.0,0.0,0.0,0.0,0.0,0.0,0.0,0.0
2018-03-19,gb,719971.998056959,738263.0,0.0,703899.0742669369,230302.2723603209,547522.1737214881,0.0,408632.81844678015,0.0,304725.73332312296,0.0,0.0,0.0,0.0,0.0,0.0,0.0,0.0,0.0,0.0,0.0
2018-03-26,gb,689866.0739890202,718579.0,0.0,674282.833920339,219085.17400051455,524062.35390781646,0.0,391256.18235660775,0.0,291703.0875434469,0.0,0.0,0.0,0.0,0.0,0.0,0.0,0.0,0.0,0.0,0.0
2018-04-02,gb,742935.1134750467,753883.0,0.0,726600.0311098808,235732.8167537414,564136.7656516655,0.0,427021.12996780535,0.0,318621.2878787421,0.0,0.0,0.0,0.0,0.0,0.0,0.0,0.0,0.0,0.0,0.0
2018-04-09,gb,731351.0305548217,753819.0,0.0,715285.6081618929,232898.90836526442,553207.5129599667,0.0,417909.75236569764,0.0,313619.61280547484,0.0,0.0,0.0,0.0,0.0,0.0,0.0,0.0,0.0,0.0,0.0
2018-04-16,gb,691211.1673442468,681621.0,0.0,675566.4677262898,218208.29169060237,519636.8097910088,0.0,392407.12520043016,0.0,296512.18183828535,0.0,0.0,0.0,0.0,0.0,0.0,0.0,0.0,0.0,0.0,0.0
2018-04-23,gb,749379.9518523662,739853.0,0.0,733015.4854711319,239031.73757030192,566255.4875015921,0.0,429330.8932809284,0.0,323213.8263322804,0.0,0.0,0.0,0.0,0.0,0.0,0.0,0.0,0.0,0.0,0.0
2018-04-30,gb,721248.2157732388,707722.0,0.0,705351.5752307554,229179.4937442341,544903.7901043425,0.0,411323.82801083964,0.0,312751.79176780063,0.0,0.0,0.0,0.0,0.0,0.0,0.0,0.0,0.0,0.0,0.0
2018-05-07,gb,697484.079600332,704779.0,0.0,681887.467682336,221740.9850537082,525266.3450533459,0.0,398122.9629178412,0.0,302251.11793216376,0.0,0.0,0.0,0.0,0.0,0.0,0.0,0.0,0.0,0.0,0.0
2018-05-14,gb,682458.1968935835,686861.0,0.0,667042.709676917,221802.7714518821,512230.8439875435,0.0,388262.51827790675,0.0,288278.24572556827,0.0,0.0,0.0,0.0,0.0,0.0,0.0,0.0,0.0,0.0,0.0
2018-05-21,gb,692719.3458997404,694637.0,0.0,677365.9119185783,227858.58044127107,519104.7591602139,0.0,393193.011935401,0.0,285000.3567581836,0.0,0.0,0.0,0.0,0.0,0.0,0.0,0.0,0.0,0.0,0.0
2018-05-28,gb,684957.001217673,725314.0,0.0,669745.8548778411,220696.95502636704,511733.2369507812,0.0,389253.54976488044,0.0,281538.72471202357,0.0,0.0,0.0,0.0,0.0,0.0,0.0,0.0,0.0,0.0,0.0
2018-06-04,gb,678479.3187135037,714257.0,0.0,663205.4539583402,225460.86026368052,510743.51149781956,0.0,385226.00944086775,0.0,277871.3720814644,0.0,0.0,0.0,0.0,0.0,0.0,0.0,0.0,0.0,0.0,0.0
2018-06-11,gb,690197.3987892651,726739.0,0.0,674599.5833475096,228299.56191881577,517633.34436383063,0.0,392543.50571904646,0.0,288850.884955916,0.0,0.0,0.0,0.0,0.0,0.0,0.0,0.0,0.0,0.0,0.0
2018-06-18,gb,700201.3151999451,692734.0,0.0,684473.2090327875,227915.83912724158,526774.0742457374,0.0,398908.3476238518,0.0,293681.75795738515,0.0,0.0,0.0,0.0,0.0,0.0,0.0,0.0,0.0,0.0,0.0
2018-06-25,gb,672452.6843955473,688560.0,0.0,657432.7201432586,218413.22032277338,504556.2588489661,0.0,381637.00786902424,0.0,277093.3783234754,0.0,0.0,0.0,0.0,0.0,0.0,0.0,0.0,0.0,0.0,0.0
2018-07-02,gb,702879.1802125798,699419.0,0.0,687287.1451213711,230828.2541363571,529133.6202487438,0.0,399659.9812661682,0.0,289912.46162756794,0.0,0.0,0.0,0.0,0.0,0.0,0.0,0.0,0.0,0.0,0.0
2018-07-09,gb,736309.0808443862,704915.0,0.0,720155.4037086236,248173.3574315667,556277.9333538082,0.0,422338.1105130998,0.0,304399.16186611255,0.0,0.0,0.0,0.0,0.0,0.0,0.0,0.0,0.0,0.0,0.0
2018-07-16,gb,791881.0024459865,767410.0,0.0,774908.4500715104,271123.27731125476,599956.500802267,0.0,456416.85541159095,0.0,341523.51011614373,0.0,0.0,0.0,0.0,0.0,0.0,0.0,0.0,0.0,0.0,0.0
2018-07-23,gb,797719.8878037398,781425.0,0.0,780594.1496827494,265354.5037128306,607967.5973370018,0.0,459630.66187332367,0.0,344318.6312740044,0.0,0.0,0.0,0.0,0.0,0.0,0.0,0.0,0.0,0.0,0.0
2018-07-30,gb,804359.571747626,773623.0,0.0,787135.934196229,266455.67584597785,613104.5297458975,0.0,462303.7736506415,0.0,350832.4862523356,0.0,0.0,0.0,0.0,0.0,0.0,0.0,0.0,0.0,0.0,0.0
2018-08-06,gb,766483.2342455158,779082.0,0.0,749927.639331689,249221.3700260094,582834.9903625657,0.0,442391.13362725783,0.0,334056.2956885515,0.0,0.0,0.0,0.0,0.0,0.0,0.0,0.0,0.0,0.0,0.0
2018-08-13,gb,770471.7739000744,765368.0,0.0,753746.9006358134,247781.13059803366,587780.0005486968,0.0,445322.0382202037,0.0,333484.19851606665,0.0,0.0,0.0,0.0,0.0,0.0,0.0,0.0,0.0,0.0,0.0
2018-08-20,gb,744613.8950211554,737942.0,0.0,728238.3815720731,240010.05648487847,566570.1483899453,0.0,429023.6061411566,0.0,312725.0843135333,0.0,0.0,0.0,0.0,0.0,0.0,0.0,0.0,0.0,0.0,0.0
2018-08-27,gb,740147.8443818564,739662.0,0.0,723662.7941481052,235537.94027666125,559806.71889553,0.0,426157.9414876603,0.0,309488.34135958913,0.0,0.0,0.0,0.0,0.0,0.0,0.0,0.0,0.0,0.0,0.0
2018-09-03,gb,760563.5312373411,741720.0,0.0,743548.9920123396,242541.7476612837,574822.1228838019,0.0,437046.1065774943,0.0,318882.55065475934,0.0,0.0,0.0,0.0,0.0,0.0,0.0,0.0,0.0,0.0,0.0
2018-09-10,gb,741884.233538191,725737.0,0.0,725059.0755945614,237712.97656536568,559352.310743001,0.0,427181.3166260395,0.0,310529.11854394904,0.0,0.0,0.0,0.0,0.0,0.0,0.0,0.0,0.0,0.0,0.0
2018-09-17,gb,750373.3600053478,728291.0,0.0,733204.4360918448,238773.77083796886,569160.2143089622,0.0,431097.56847329356,0.0,314683.19441573886,0.0,0.0,0.0,0.0,0.0,0.0,0.0,0.0,0.0,0.0,0.0
2018-09-24,gb,722646.9491799272,717876.0,0.0,705836.2559927828,231173.14624391956,548989.8261569312,0.0,411800.19259077864,0.0,296501.30445122573,0.0,0.0,0.0,0.0,0.0,0.0,0.0,0.0,0.0,0.0,0.0
2018-10-01,gb,729769.1085609961,728283.0,0.0,712960.8492628309,235913.00722217938,552883.5084549093,0.0,418903.08283941634,0.0,301966.6319804732,0.0,0.0,0.0,0.0,0.0,0.0,0.0,0.0,0.0,0.0,0.0
2018-10-08,gb,738131.7410907062,724452.0,0.0,720770.4837936074,238663.3400723429,558351.3445460865,0.0,424734.7330991673,0.0,303755.1492914915,0.0,0.0,0.0,0.0,0.0,0.0,0.0,0.0,0.0,0.0,0.0
2018-10-15,gb,691043.7070234772,707143.0,0.0,673890.12006411,224212.43125207064,522489.9717033955,0.0,396812.0060463861,0.0,282426.05871523236,0.0,0.0,0.0,0.0,0.0,0.0,0.0,0.0,0.0,0.0,0.0
2018-10-22,gb,709397.4320417875,691509.0,0.0,691978.387685063,231400.5136927985,538237.3929569745,0.0,405886.1178783878,0.0,285216.50862651964,0.0,0.0,0.0,0.0,0.0,0.0,0.0,0.0,0.0,0.0,0.0
2018-10-29,gb,658816.0875502449,658768.0,0.0,642525.0942455183,211408.3754848045,494975.755196385,0.0,373677.4906883891,0.0,261517.60741274722,0.0,0.0,0.0,0.0,0.0,0.0,0.0,0.0,0.0,0.0,0.0
2018-11-05,gb,651964.4226290375,670619.0,0.0,635982.5477525351,208744.6562021334,488633.8260076279,0.0,369984.88004378387,0.0,259096.069193343,0.0,0.0,0.0,0.0,0.0,0.0,0.0,0.0,0.0,0.0,0.0
2018-11-12,gb,627944.4997210032,646081.0,0.0,612323.994404327,201400.44280318316,471418.0792555321,0.0,354616.96331885067,0.0,246994.61515875097,0.0,0.0,0.0,0.0,0.0,0.0,0.0,0.0,0.0,0.0,0.0
2018-11-19,gb,633720.758258402,632635.0,0.0,617843.9930381594,203955.88295620168,474525.3481211358,0.0,355886.625944077,0.0,250196.98895530408,0.0,0.0,0.0,0.0,0.0,0.0,0.0,0.0,0.0,0.0,0.0
2018-11-26,gb,607194.5194606851,605640.0,0.0,591947.5246258925,194803.55918777885,453918.27254256443,0.0,339939.0977713832,0.0,240921.91666674876,0.0,0.0,0.0,0.0,0.0,0.0,0.0,0.0,0.0,0.0,0.0
2018-12-03,gb,572158.1830983289,571724.0,0.0,557463.087264529,181743.7187907048,425553.05616457836,0.0,319987.6996605808,0.0,222829.95282921183,0.0,0.0,0.0,0.0,0.0,0.0,0.0,0.0,0.0,0.0,0.0
2018-12-10,gb,549365.0966936839,527025.0,0.0,534910.4542018123,173592.707079002,407607.0938885616,0.0,304853.70554830757,0.0,212917.5785591054,0.0,0.0,0.0,0.0,0.0,0.0,0.0,0.0,0.0,0.0,0.0
2018-12-17,gb,529300.753614543,501789.0,0.0,514995.89057530306,166599.562250581,391189.5346770611,0.0,293043.6133527104,0.0,203812.24358401785,0.0,0.0,0.0,0.0,0.0,0.0,0.0,0.0,0.0,0.0,0.0
2018-12-24,gb,520200.22407784493,532428.0,0.0,506924.6773929039,164552.78650505078,391396.36908721837,0.0,294756.7718053458,0.0,198799.23945817788,0.0,0.0,0.0,0.0,0.0,0.0,0.0,0.0,0.0,0.0,0.0
2018-12-31,gb,581630.0790113012,765079.0,0.0,568026.2155923777,189185.5998116429,443502.8577648211,0.0,334592.7178521202,0.0,233837.54091516376,0.0,0.0,0.0,0.0,0.0,0.0,0.0,0.0,0.0,0.0,0.0
2019-01-07,gb,856527.8306430163,877144.0,0.0,837382.1004421228,283166.67181984,655930.0368502107,0.0,494749.84250540443,0.0,349817.25182277383,0.0,0.0,0.0,0.0,0.0,0.0,0.0,0.0,0.0,0.0,0.0
2019-01-14,gb,840972.5476128616,822968.0,0.0,822008.2529651822,278097.36776707985,642797.8597254767,0.0,483614.05928338814,0.0,346120.1557613893,0.0,0.0,0.0,0.0,0.0,0.0,0.0,0.0,0.0,0.0,0.0
2019-01-21,gb,802377.3157276433,803866.0,0.0,784270.1305609023,268937.6588162419,611696.5406086438,0.0,461008.7199226095,0.0,318084.9911982787,0.0,0.0,0.0,0.0,0.0,0.0,0.0,0.0,0.0,0.0,0.0
2019-01-28,gb,846357.6707571598,786560.0,0.0,827109.7624155615,279350.30378084024,646246.7114462823,0.0,486213.8620306598,0.0,362154.5938188521,0.0,0.0,0.0,0.0,0.0,0.0,0.0,0.0,0.0,0.0,0.0
2019-02-04,gb,858489.4539588584,778888.0,0.0,839270.6082978427,283015.4268745899,655924.8984344541,0.0,494755.259073399,0.0,369514.9052160563,0.0,0.0,0.0,0.0,0.0,0.0,0.0,0.0,0.0,0.0,0.0
2019-02-11,gb,807993.5257017111,751214.0,0.0,789750.126162643,265091.78960519214,616748.034651561,0.0,463653.62431886164,0.0,341355.37270166865,0.0,0.0,0.0,0.0,0.0,0.0,0.0,0.0,0.0,0.0,0.0
2019-02-18,gb,775036.265141487,753522.0,0.0,757427.2379744541,254936.15981872595,593518.3525967025,0.0,442555.39222137816,0.0,326425.17690390017,0.0,0.0,0.0,0.0,0.0,0.0,0.0,0.0,0.0,0.0,0.0
2019-02-25,gb,821057.8953521464,772224.0,0.0,802414.6420490382,270742.6247068242,628959.8298709595,0.0,468665.30297535524,0.0,347904.09502398263,0.0,0.0,0.0,0.0,0.0,0.0,0.0,0.0,0.0,0.0,0.0
2019-03-04,gb,821777.2758705864,774545.0,0.0,803371.5690208485,272205.6105401587,627949.4893543066,0.0,469229.1288050218,0.0,349267.39022781956,0.0,0.0,0.0,0.0,0.0,0.0,0.0,0.0,0.0,0.0,0.0
2019-03-11,gb,803990.3757446901,746981.0,0.0,786022.7061454521,267561.84017452947,612188.3226218733,0.0,459154.9200872287,0.0,336256.35077579116,0.0,0.0,0.0,0.0,0.0,0.0,0.0,0.0,0.0,0.0,0.0
2019-03-18,gb,793980.8596557248,737938.0,0.0,776305.2282264103,263951.8739497565,602510.8690965064,0.0,452970.1085421757,0.0,331923.23533714376,0.0,0.0,0.0,0.0,0.0,0.0,0.0,0.0,0.0,0.0,0.0
2019-03-25,gb,759858.8464356734,717734.0,0.0,742741.3631111525,251798.76603665395,577650.1705713749,0.0,430642.1399236544,0.0,314742.4528605031,0.0,0.0,0.0,0.0,0.0,0.0,0.0,0.0,0.0,0.0,0.0
2019-04-01,gb,792351.2697123884,769039.0,0.0,774762.329313046,261925.15122824057,606233.4329001622,0.0,453450.5459828447,0.0,319508.9553445305,0.0,0.0,0.0,0.0,0.0,0.0,0.0,0.0,0.0,0.0,0.0
2019-04-08,gb,782536.4279970507,767229.0,0.0,765164.8775707906,260044.11287129018,600585.1994236084,0.0,447509.3613743613,0.0,308787.94795957836,0.0,0.0,0.0,0.0,0.0,0.0,0.0,0.0,0.0,0.0,0.0
2019-04-15,gb,708723.1005547123,676807.0,0.0,692483.1067080235,234260.09268607158,542670.1339646988,0.0,400388.0621505273,0.0,267907.9184786857,0.0,0.0,0.0,0.0,0.0,0.0,0.0,0.0,0.0,0.0,0.0
2019-04-22,gb,745973.7449338271,735398.0,0.0,729096.0404940043,243397.3760662253,573223.8292355606,0.0,425284.25371875626,0.0,280884.49368797895,0.0,0.0,0.0,0.0,0.0,0.0,0.0,0.0,0.0,0.0,0.0
2019-04-29,gb,733809.0265927854,756128.0,0.0,717246.5702060161,236720.61700548674,562735.8482006982,0.0,418589.39938972634,0.0,281205.8230728339,0.0,0.0,0.0,0.0,0.0,0.0,0.0,0.0,0.0,0.0,0.0
2019-05-06,gb,772926.1301457154,759807.0,0.0,755622.7474196296,248726.32043791522,592346.6979086663,0.0,441301.9427663059,0.0,297821.61758857366,0.0,0.0,0.0,0.0,0.0,0.0,0.0,0.0,0.0,0.0,0.0
2019-05-13,gb,740856.1219225747,753288.0,0.0,724494.2042282261,236333.22905709775,565937.8310072673,0.0,422561.79918660346,0.0,285714.9622100419,0.0,0.0,0.0,0.0,0.0,0.0,0.0,0.0,0.0,0.0,0.0
2019-05-20,gb,704931.1970943962,735162.0,0.0,689342.8557271487,227939.37518708495,538731.5199662683,0.0,402483.7313566367,0.0,268141.5462076903,0.0,0.0,0.0,0.0,0.0,0.0,0.0,0.0,0.0,0.0,0.0
2019-05-27,gb,723508.2281910323,746637.0,0.0,707726.8579447268,235036.40372001653,556440.4833118735,0.0,413561.99188620097,0.0,279883.31387125683,0.0,0.0,0.0,0.0,0.0,0.0,0.0,0.0,0.0,0.0,0.0
2019-06-03,gb,723675.9423174068,763265.0,0.0,708220.4873226848,233242.17857871106,557681.541044053,0.0,414430.4713656704,0.0,277846.80394439166,0.0,0.0,0.0,0.0,0.0,0.0,0.0,0.0,0.0,0.0,0.0
2019-06-10,gb,718911.1188527206,757602.0,0.0,703268.186219515,233136.7928416464,552675.7010669891,0.0,411088.5881484164,0.0,276973.6673664317,0.0,0.0,0.0,0.0,0.0,0.0,0.0,0.0,0.0,0.0,0.0
2019-06-17,gb,716203.6358877013,742643.0,0.0,700494.9078411666,234511.7542004973,550799.8847590721,0.0,408275.9643910389,0.0,272491.2299619718,0.0,0.0,0.0,0.0,0.0,0.0,0.0,0.0,0.0,0.0,0.0
2019-06-24,gb,706587.2847877389,735520.0,0.0,691020.7837263489,230783.07571324898,543583.7686387512,0.0,401860.56684171123,0.0,265392.6018565886,0.0,0.0,0.0,0.0,0.0,0.0,0.0,0.0,0.0,0.0,0.0
2019-07-01,gb,723973.6859880912,750582.0,0.0,708118.2988274923,238623.8596034833,554326.7595214485,0.0,413763.4649032816,0.0,273694.76125990535,0.0,0.0,0.0,0.0,0.0,0.0,0.0,0.0,0.0,0.0,0.0
2019-07-08,gb,733086.6410100306,760339.0,0.0,717133.7053938431,240894.95060471294,563307.1962190953,0.0,419140.73374594323,0.0,281804.53036234196,0.0,0.0,0.0,0.0,0.0,0.0,0.0,0.0,0.0,0.0,0.0
2019-07-15,gb,769237.0141487621,776572.0,0.0,752474.4025585359,253545.75398648536,590866.3588516613,0.0,439574.30266683485,0.0,296850.320273626,0.0,0.0,0.0,0.0,0.0,0.0,0.0,0.0,0.0,0.0,0.0
2019-07-22,gb,736790.9706587073,767282.0,0.0,720548.5931097837,240279.33372052555,564389.5066910166,0.0,419069.6988584673,0.0,272245.8785132697,0.0,0.0,0.0,0.0,0.0,0.0,0.0,0.0,0.0,0.0,0.0
2019-07-29,gb,748303.4849403198,791818.0,0.0,731930.6848410678,242530.85448682494,574469.802557031,0.0,427454.2663353051,0.0,276518.7833454432,0.0,0.0,0.0,0.0,0.0,0.0,0.0,0.0,0.0,0.0,0.0
2019-08-05,gb,759908.3573034427,801977.0,0.0,743291.7107947359,252143.88094412594,581733.2522725434,0.0,433641.443498555,0.0,284839.18502923794,0.0,0.0,0.0,0.0,0.0,0.0,0.0,0.0,0.0,0.0,0.0
2019-08-12,gb,757503.0075908334,780900.0,0.0,740803.9209477331,251948.8326893117,579625.5606287931,0.0,430898.94647520164,0.0,282620.9875844887,0.0,0.0,0.0,0.0,0.0,0.0,0.0,0.0,0.0,0.0,0.0
2019-08-19,gb,730132.5308133774,739178.0,0.0,713891.119569538,242061.45606468554,557025.0949402131,0.0,413239.06419541006,0.0,269820.44473084423,0.0,0.0,0.0,0.0,0.0,0.0,0.0,0.0,0.0,0.0,0.0
2019-08-26,gb,729147.4758513112,760611.0,0.0,712502.0499417472,240024.50073987036,555118.2692535694,0.0,412688.6974151456,0.0,271189.380863877,0.0,0.0,0.0,0.0,0.0,0.0,0.0,0.0,0.0,0.0,0.0
2019-09-02,gb,726534.6087673014,751294.0,0.0,709986.9308626794,237560.00057326187,551038.4449140502,0.0,410437.72312238783,0.0,269932.4683433852,0.0,0.0,0.0,0.0,0.0,0.0,0.0,0.0,0.0,0.0,0.0
2019-09-09,gb,720753.4551961982,744986.0,0.0,704431.9422739544,236553.6201305141,546116.3772028557,0.0,407363.84727287106,0.0,266723.8255754629,0.0,0.0,0.0,0.0,0.0,0.0,0.0,0.0,0.0,0.0,0.0
2019-09-16,gb,718931.2391153844,737273.0,0.0,702632.2106069232,235673.89990967617,546413.374632011,0.0,405687.8814014966,0.0,268287.3030017,0.0,0.0,0.0,0.0,0.0,0.0,0.0,0.0,0.0,0.0,0.0
2019-09-23,gb,731654.4540117685,748836.0,0.0,715137.8426901207,242520.6662614242,556601.4212849581,0.0,414120.21750272973,0.0,269364.5436537738,0.0,0.0,0.0,0.0,0.0,0.0,0.0,0.0,0.0,0.0,0.0
